result_id,feature_set,model_name,feature,feature_group,baseline_macro_f1,importance_mean,importance_std,positive_importance
ai_compact::logistic_regression,ai_compact,logistic_regression,ai_relevant_article_count_lag_2,ai_volume,0.315359477124183,0.03701625557258884,0.04460373330478783,0.03701625557258884
ai_compact::logistic_regression,ai_compact,logistic_regression,ai_high_relevance_share,ai_relevance,0.315359477124183,0.029057525636383263,0.02584432216041604,0.029057525636383263
ai_compact::logistic_regression,ai_compact,logistic_regression,ai_relevant_article_count_lag_1,ai_volume,0.315359477124183,0.02618839549516626,0.040311153470920624,0.02618839549516626
ai_compact::logistic_regression,ai_compact,logistic_regression,ai_relevance_weighted_pressure_strength_lag_3,ai_pressure_strength,0.315359477124183,0.022299915443452032,0.03270968339679143,0.022299915443452032
ai_compact::logistic_regression,ai_compact,logistic_regression,gscpi,supply_chain_index,0.315359477124183,0.021219047280383485,0.04312891660651078,0.021219047280383485
ai_compact::logistic_regression,ai_compact,logistic_regression,ai_relevance_weighted_pressure_direction_score_roll_3_mean,ai_pressure_direction,0.315359477124183,0.020849683864176616,0.01958848916893966,0.020849683864176616
ai_compact::logistic_regression,ai_compact,logistic_regression,wti_oil_price,oil_price,0.315359477124183,0.01968298664803354,0.012227797806058904,0.01968298664803354
ai_compact::logistic_regression,ai_compact,logistic_regression,ai_relevance_weighted_pressure_strength_lag_2,ai_pressure_strength,0.315359477124183,0.019557289661105776,0.03283990981165813,0.019557289661105776
ai_compact::logistic_regression,ai_compact,logistic_regression,ai_relevance_weighted_pressure_direction_score_lag_2,ai_pressure_direction,0.315359477124183,0.01830145897494576,0.0385818937938374,0.01830145897494576
ai_compact::logistic_regression,ai_compact,logistic_regression,ai_relevant_article_count_roll_3_mean,ai_volume,0.315359477124183,0.014834675049935072,0.02565521057336362,0.014834675049935072
ai_compact::logistic_regression,ai_compact,logistic_regression,ai_relevant_upward_pressure_share_lag_3,ai_pressure_direction,0.315359477124183,0.014552982835950487,0.04237991266561724,0.014552982835950487
ai_compact::logistic_regression,ai_compact,logistic_regression,ai_relevant_upward_pressure_share_lag_2,ai_pressure_direction,0.315359477124183,0.012327586559380871,0.04137584052526069,0.012327586559380871
ai_compact::logistic_regression,ai_compact,logistic_regression,ai_relevance_weighted_pressure_direction_score_roll_3_std,ai_pressure_direction,0.315359477124183,0.011403758692761251,0.03273392638881571,0.011403758692761251
ai_compact::logistic_regression,ai_compact,logistic_regression,ppi_pct_change,ppi_history,0.315359477124183,0.010786504537794525,0.04894800797249105,0.010786504537794525
ai_compact::logistic_regression,ai_compact,logistic_regression,ai_relevance_weighted_pressure_strength_roll_3_mean,ai_pressure_strength,0.315359477124183,0.009667957945877813,0.023730640185435536,0.009667957945877813
ai_compact::logistic_regression,ai_compact,logistic_regression,ai_relevance_weighted_sentiment_roll_3_std,ai_sentiment,0.315359477124183,0.0081513231389841,0.02744517176666374,0.0081513231389841
ai_compact::logistic_regression,ai_compact,logistic_regression,gscpi_pct_change_lag_1,supply_chain_index,0.315359477124183,0.007688099687247165,0.018269791743239405,0.007688099687247165
ai_compact::logistic_regression,ai_compact,logistic_regression,ai_relevance_weighted_pressure_direction_score_lag_1,ai_pressure_direction,0.315359477124183,0.006983928659120468,0.018248953710817514,0.006983928659120468
ai_compact::logistic_regression,ai_compact,logistic_regression,ai_relevant_upward_pressure_share,ai_pressure_direction,0.315359477124183,0.006530737899024351,0.011837967746874692,0.006530737899024351
ai_compact::logistic_regression,ai_compact,logistic_regression,ai_relevance_weighted_sentiment_lag_3,ai_sentiment,0.315359477124183,0.0017665080964313629,0.012771791321013278,0.0017665080964313629
ai_compact::logistic_regression,ai_compact,logistic_regression,ppi_value,ppi_history,0.315359477124183,0.001389983749318785,0.022870364718134115,0.001389983749318785
ai_compact::logistic_regression,ai_compact,logistic_regression,ai_enriched_article_count,ai_volume,0.315359477124183,0.0012620603797074378,0.0073674200190777216,0.0012620603797074378
ai_compact::logistic_regression,ai_compact,logistic_regression,ai_relevance_weighted_sentiment_lag_2,ai_sentiment,0.315359477124183,0.0008074896026392331,0.037056711818898656,0.0008074896026392331
ai_compact::logistic_regression,ai_compact,logistic_regression,gscpi_pct_change,supply_chain_index,0.315359477124183,0.0006574513863516392,0.009913408003602287,0.0006574513863516392
ai_compact::logistic_regression,ai_compact,logistic_regression,ai_no_articles,ai_coverage,0.315359477124183,0.0,0.0,0.0
ai_compact::logistic_regression,ai_compact,logistic_regression,ai_articles_but_none_relevant,ai_coverage,0.315359477124183,0.0,0.0,0.0
ai_compact::logistic_regression,ai_compact,logistic_regression,ai_relevant_articles_available,ai_coverage,0.315359477124183,0.0,0.0,0.0
ai_compact::logistic_regression,ai_compact,logistic_regression,ai_relevant_downward_pressure_share,ai_pressure_direction,0.315359477124183,-0.0004922873848705156,0.013536719626733328,0.0
ai_compact::logistic_regression,ai_compact,logistic_regression,ai_relevance_weighted_pressure_strength_roll_3_std,ai_pressure_strength,0.315359477124183,-0.0012515969806094105,0.030550902237013202,0.0
ai_compact::logistic_regression,ai_compact,logistic_regression,ppi_lag_1,ppi_history,0.315359477124183,-0.0015052547149733918,0.019655973401391313,0.0
ai_compact::logistic_regression,ai_compact,logistic_regression,ai_relevance_weighted_pressure_direction_score,ai_pressure_direction,0.315359477124183,-0.0016764421048308608,0.030704047955031247,0.0
ai_compact::logistic_regression,ai_compact,logistic_regression,ai_relevant_upward_pressure_share_roll_3_std,ai_pressure_direction,0.315359477124183,-0.0022485029731406556,0.012759018506478889,0.0
ai_compact::logistic_regression,ai_compact,logistic_regression,ai_relevance_weighted_sentiment,ai_sentiment,0.315359477124183,-0.0022610159566681387,0.019503752457991515,0.0
ai_compact::logistic_regression,ai_compact,logistic_regression,ai_relevance_weighted_sentiment_roll_3_mean,ai_sentiment,0.315359477124183,-0.0023023356612444424,0.01979040731397336,0.0
ai_compact::logistic_regression,ai_compact,logistic_regression,ppi_ma_3,ppi_history,0.315359477124183,-0.0025009072579405137,0.020790671648728224,0.0
ai_compact::logistic_regression,ai_compact,logistic_regression,ai_relevant_article_count_lag_3,ai_volume,0.315359477124183,-0.0025583610522139717,0.035817406479835834,0.0
ai_compact::logistic_regression,ai_compact,logistic_regression,ai_relevance_weighted_pressure_direction_score_lag_3,ai_pressure_direction,0.315359477124183,-0.005137781214081301,0.03147731596702715,0.0
ai_compact::logistic_regression,ai_compact,logistic_regression,ai_relevant_upward_pressure_share_roll_3_mean,ai_pressure_direction,0.315359477124183,-0.0053162649923093296,0.011195382133707407,0.0
ai_compact::logistic_regression,ai_compact,logistic_regression,ai_relevance_weighted_pressure_strength,ai_pressure_strength,0.315359477124183,-0.006576594918453399,0.014788017136189546,0.0
ai_compact::logistic_regression,ai_compact,logistic_regression,ppi_std_3,ppi_history,0.315359477124183,-0.007071899284399852,0.033010270022223356,0.0
ai_compact::logistic_regression,ai_compact,logistic_regression,ai_relevance_weighted_sentiment_lag_1,ai_sentiment,0.315359477124183,-0.009609470050646534,0.031232134740963802,0.0
ai_compact::logistic_regression,ai_compact,logistic_regression,wti_oil_price_pct_change,oil_price,0.315359477124183,-0.013442919355446843,0.03171173361294445,0.0
ai_compact::logistic_regression,ai_compact,logistic_regression,ai_relevant_share,ai_relevance,0.315359477124183,-0.013944554545577581,0.023785711969503045,0.0
ai_compact::logistic_regression,ai_compact,logistic_regression,wti_oil_price_pct_change_lag_1,oil_price,0.315359477124183,-0.014399954975402553,0.027375975345132125,0.0
ai_compact::logistic_regression,ai_compact,logistic_regression,ppi_pct_change_lag_1,ppi_history,0.315359477124183,-0.016187793623294137,0.038492417072627204,0.0
ai_compact::logistic_regression,ai_compact,logistic_regression,ai_relevance_weighted_pressure_strength_lag_1,ai_pressure_strength,0.315359477124183,-0.01814957839460914,0.026268795079683573,0.0
ai_compact::logistic_regression,ai_compact,logistic_regression,ai_relevant_article_count,ai_volume,0.315359477124183,-0.023740370156330133,0.06063241558044303,0.0
ai_compact::logistic_regression,ai_compact,logistic_regression,ai_relevant_article_count_roll_3_std,ai_volume,0.315359477124183,-0.030557859502647954,0.041323766754933315,0.0
ai_compact::logistic_regression,ai_compact,logistic_regression,ai_relevant_upward_pressure_share_lag_1,ai_pressure_direction,0.315359477124183,-0.03201643238099468,0.04032916379085847,0.0
ai_compact::logistic_regression,ai_compact,logistic_regression,wti_oil_price_lag_1,oil_price,0.315359477124183,-0.03480398893229243,0.03942185514519145,0.0
ai_compact::logistic_regression,ai_compact,logistic_regression,gscpi_lag_1,supply_chain_index,0.315359477124183,-0.04159532570781281,0.030894280670435988,0.0
ai_compact::xgboost,ai_compact,xgboost,wti_oil_price_pct_change,oil_price,0.2634920634920635,0.017419964858989268,0.022373151687018117,0.017419964858989268
ai_compact::xgboost,ai_compact,xgboost,ai_relevance_weighted_sentiment_roll_3_std,ai_sentiment,0.2634920634920635,0.010434575300013937,0.026555119233716017,0.010434575300013937
ai_compact::xgboost,ai_compact,xgboost,ai_relevant_upward_pressure_share_roll_3_std,ai_pressure_direction,0.2634920634920635,0.009977480673319996,0.011388151963962428,0.009977480673319996
ai_compact::xgboost,ai_compact,xgboost,ai_high_relevance_share,ai_relevance,0.2634920634920635,0.006614649399674932,0.012439331653670156,0.006614649399674932
ai_compact::xgboost,ai_compact,xgboost,ai_relevance_weighted_pressure_strength_lag_1,ai_pressure_strength,0.2634920634920635,0.005827054607542419,0.01884185072058302,0.005827054607542419
ai_compact::xgboost,ai_compact,xgboost,ai_relevance_weighted_pressure_direction_score_lag_3,ai_pressure_direction,0.2634920634920635,0.004859725685761042,0.029520726520603516,0.004859725685761042
ai_compact::xgboost,ai_compact,xgboost,ai_relevance_weighted_pressure_strength_roll_3_std,ai_pressure_strength,0.2634920634920635,0.004481074481074484,0.014404947874027133,0.004481074481074484
ai_compact::xgboost,ai_compact,xgboost,ai_relevance_weighted_sentiment_lag_1,ai_sentiment,0.2634920634920635,0.003770809136662805,0.01293002301785662,0.003770809136662805
ai_compact::xgboost,ai_compact,xgboost,ai_relevant_upward_pressure_share_lag_2,ai_pressure_direction,0.2634920634920635,0.002777777777777768,0.002777777777777768,0.002777777777777768
ai_compact::xgboost,ai_compact,xgboost,ai_enriched_article_count,ai_volume,0.2634920634920635,0.002180926571170492,0.006155497712021304,0.002180926571170492
ai_compact::xgboost,ai_compact,xgboost,wti_oil_price_lag_1,oil_price,0.2634920634920635,0.00203703703703703,0.002677191165703872,0.00203703703703703
ai_compact::xgboost,ai_compact,xgboost,gscpi_lag_1,supply_chain_index,0.2634920634920635,0.0020199208441175833,0.016299611478158407,0.0020199208441175833
ai_compact::xgboost,ai_compact,xgboost,ai_relevance_weighted_pressure_direction_score_lag_1,ai_pressure_direction,0.2634920634920635,0.0018504863343207177,0.009403026520237993,0.0018504863343207177
ai_compact::xgboost,ai_compact,xgboost,gscpi,supply_chain_index,0.2634920634920635,0.0003089454797802223,0.03784883252526813,0.0003089454797802223
ai_compact::xgboost,ai_compact,xgboost,ai_relevant_upward_pressure_share_roll_3_mean,ai_pressure_direction,0.2634920634920635,0.00018174888282661007,0.007378364771133319,0.00018174888282661007
ai_compact::xgboost,ai_compact,xgboost,ai_relevant_share,ai_relevance,0.2634920634920635,0.0,0.0,0.0
ai_compact::xgboost,ai_compact,xgboost,ai_relevant_article_count,ai_volume,0.2634920634920635,0.0,0.0,0.0
ai_compact::xgboost,ai_compact,xgboost,ai_relevance_weighted_pressure_strength,ai_pressure_strength,0.2634920634920635,0.0,0.0,0.0
ai_compact::xgboost,ai_compact,xgboost,ai_relevant_upward_pressure_share,ai_pressure_direction,0.2634920634920635,0.0,0.0,0.0
ai_compact::xgboost,ai_compact,xgboost,ai_relevant_downward_pressure_share,ai_pressure_direction,0.2634920634920635,0.0,0.0,0.0
ai_compact::xgboost,ai_compact,xgboost,wti_oil_price,oil_price,0.2634920634920635,0.0,0.0,0.0
ai_compact::xgboost,ai_compact,xgboost,ai_no_articles,ai_coverage,0.2634920634920635,0.0,0.0,0.0
ai_compact::xgboost,ai_compact,xgboost,ai_articles_but_none_relevant,ai_coverage,0.2634920634920635,0.0,0.0,0.0
ai_compact::xgboost,ai_compact,xgboost,ai_relevant_articles_available,ai_coverage,0.2634920634920635,0.0,0.0,0.0
ai_compact::xgboost,ai_compact,xgboost,ai_relevant_article_count_lag_1,ai_volume,0.2634920634920635,0.0,0.0,0.0
ai_compact::xgboost,ai_compact,xgboost,ai_relevant_article_count_lag_2,ai_volume,0.2634920634920635,0.0,0.0,0.0
ai_compact::xgboost,ai_compact,xgboost,ai_relevant_article_count_lag_3,ai_volume,0.2634920634920635,0.0,0.0,0.0
ai_compact::xgboost,ai_compact,xgboost,ai_relevance_weighted_pressure_direction_score_roll_3_mean,ai_pressure_direction,0.2634920634920635,0.0,0.0,0.0
ai_compact::xgboost,ai_compact,xgboost,ai_relevant_upward_pressure_share_lag_3,ai_pressure_direction,0.2634920634920635,0.0,0.0,0.0
ai_compact::xgboost,ai_compact,xgboost,ai_relevance_weighted_sentiment,ai_sentiment,0.2634920634920635,-0.0005815142400508187,0.0076261930954885405,0.0
ai_compact::xgboost,ai_compact,xgboost,ai_relevance_weighted_pressure_direction_score_roll_3_std,ai_pressure_direction,0.2634920634920635,-0.000660085172280291,0.002858632957248835,0.0
ai_compact::xgboost,ai_compact,xgboost,ai_relevance_weighted_pressure_direction_score_lag_2,ai_pressure_direction,0.2634920634920635,-0.0009281842818428144,0.008058189828181178,0.0
ai_compact::xgboost,ai_compact,xgboost,ai_relevant_article_count_roll_3_mean,ai_volume,0.2634920634920635,-0.0015257782699643174,0.003889986585981948,0.0
ai_compact::xgboost,ai_compact,xgboost,ai_relevance_weighted_pressure_strength_roll_3_mean,ai_pressure_strength,0.2634920634920635,-0.0017724717667996141,0.0058189231886645685,0.0
ai_compact::xgboost,ai_compact,xgboost,ppi_lag_1,ppi_history,0.2634920634920635,-0.0034257177600830707,0.030253688731923883,0.0
ai_compact::xgboost,ai_compact,xgboost,ai_relevance_weighted_sentiment_lag_3,ai_sentiment,0.2634920634920635,-0.0038327526132404034,0.0012775842044134677,0.0
ai_compact::xgboost,ai_compact,xgboost,gscpi_pct_change,supply_chain_index,0.2634920634920635,-0.004411474890658851,0.029069056266324042,0.0
ai_compact::xgboost,ai_compact,xgboost,ai_relevant_upward_pressure_share_lag_1,ai_pressure_direction,0.2634920634920635,-0.0050584471514704,0.005819197077078614,0.0
ai_compact::xgboost,ai_compact,xgboost,ppi_pct_change,ppi_history,0.2634920634920635,-0.006586352015155403,0.04563474665601784,0.0
ai_compact::xgboost,ai_compact,xgboost,ai_relevance_weighted_pressure_strength_lag_2,ai_pressure_strength,0.2634920634920635,-0.00761204466812431,0.028613480755354356,0.0
ai_compact::xgboost,ai_compact,xgboost,gscpi_pct_change_lag_1,supply_chain_index,0.2634920634920635,-0.007775104830341559,0.022030977286331577,0.0
ai_compact::xgboost,ai_compact,xgboost,ai_relevance_weighted_pressure_strength_lag_3,ai_pressure_strength,0.2634920634920635,-0.011640856884759326,0.020799359501224458,0.0
ai_compact::xgboost,ai_compact,xgboost,ppi_pct_change_lag_1,ppi_history,0.2634920634920635,-0.011995782844721902,0.03576673430613636,0.0
ai_compact::xgboost,ai_compact,xgboost,wti_oil_price_pct_change_lag_1,oil_price,0.2634920634920635,-0.012027839544389154,0.04735399857972515,0.0
ai_compact::xgboost,ai_compact,xgboost,ppi_value,ppi_history,0.2634920634920635,-0.013579788968799515,0.03721683027292234,0.0
ai_compact::xgboost,ai_compact,xgboost,ppi_ma_3,ppi_history,0.2634920634920635,-0.0163341072067695,0.02256473426760571,0.0
ai_compact::xgboost,ai_compact,xgboost,ai_relevant_article_count_roll_3_std,ai_volume,0.2634920634920635,-0.022521165757592543,0.03101270734590563,0.0
ai_compact::xgboost,ai_compact,xgboost,ai_relevance_weighted_pressure_direction_score,ai_pressure_direction,0.2634920634920635,-0.024965568273905215,0.022796043107491334,0.0
ai_compact::xgboost,ai_compact,xgboost,ai_relevance_weighted_sentiment_roll_3_mean,ai_sentiment,0.2634920634920635,-0.03288498572648688,0.04917338639911452,0.0
ai_compact::xgboost,ai_compact,xgboost,ai_relevance_weighted_sentiment_lag_2,ai_sentiment,0.2634920634920635,-0.03512888447658727,0.0163799721659359,0.0
ai_compact::xgboost,ai_compact,xgboost,ppi_std_3,ppi_history,0.2634920634920635,-0.04395297946702462,0.014989780938877007,0.0
ai_compact_with_persistence::logistic_regression,ai_compact_with_persistence,logistic_regression,ai_relevance_weighted_sentiment_lag_1,ai_sentiment,0.2007469654528478,0.010707318766445147,0.01774354037028345,0.010707318766445147
ai_compact_with_persistence::logistic_regression,ai_compact_with_persistence,logistic_regression,ai_relevance_weighted_pressure_strength,ai_pressure_strength,0.2007469654528478,0.004513259686409573,0.011926150215500744,0.004513259686409573
ai_compact_with_persistence::logistic_regression,ai_compact_with_persistence,logistic_regression,gscpi_pct_change,supply_chain_index,0.2007469654528478,0.0027885726095444718,0.006167635055555184,0.0027885726095444718
ai_compact_with_persistence::logistic_regression,ai_compact_with_persistence,logistic_regression,gscpi,supply_chain_index,0.2007469654528478,0.0016586818787703082,0.028930446425553116,0.0016586818787703082
ai_compact_with_persistence::logistic_regression,ai_compact_with_persistence,logistic_regression,ppi_std_3,ppi_history,0.2007469654528478,0.000897489284104778,0.02138499472222113,0.000897489284104778
ai_compact_with_persistence::logistic_regression,ai_compact_with_persistence,logistic_regression,target_class_lag_1_is_low,persistence,0.2007469654528478,0.000875021265253075,0.016848984554361113,0.000875021265253075
ai_compact_with_persistence::logistic_regression,ai_compact_with_persistence,logistic_regression,ai_enriched_article_count,ai_volume,0.2007469654528478,0.0,0.0,0.0
ai_compact_with_persistence::logistic_regression,ai_compact_with_persistence,logistic_regression,ai_no_articles,ai_coverage,0.2007469654528478,0.0,0.0,0.0
ai_compact_with_persistence::logistic_regression,ai_compact_with_persistence,logistic_regression,ai_articles_but_none_relevant,ai_coverage,0.2007469654528478,0.0,0.0,0.0
ai_compact_with_persistence::logistic_regression,ai_compact_with_persistence,logistic_regression,ai_relevant_articles_available,ai_coverage,0.2007469654528478,0.0,0.0,0.0
ai_compact_with_persistence::logistic_regression,ai_compact_with_persistence,logistic_regression,ai_relevance_weighted_sentiment_lag_3,ai_sentiment,0.2007469654528478,-0.00020274010549154454,0.010253265682674277,0.0
ai_compact_with_persistence::logistic_regression,ai_compact_with_persistence,logistic_regression,ai_relevant_upward_pressure_share_roll_3_mean,ai_pressure_direction,0.2007469654528478,-0.0002772826302238148,0.005725378983775199,0.0
ai_compact_with_persistence::logistic_regression,ai_compact_with_persistence,logistic_regression,ai_relevant_downward_pressure_share,ai_pressure_direction,0.2007469654528478,-0.0014012675777381875,0.004156308797839993,0.0
ai_compact_with_persistence::logistic_regression,ai_compact_with_persistence,logistic_regression,gscpi_pct_change_lag_1,supply_chain_index,0.2007469654528478,-0.0017806449178998337,0.012579819905386043,0.0
ai_compact_with_persistence::logistic_regression,ai_compact_with_persistence,logistic_regression,ai_relevance_weighted_pressure_strength_roll_3_mean,ai_pressure_strength,0.2007469654528478,-0.0031947863320412385,0.012208679339563289,0.0
ai_compact_with_persistence::logistic_regression,ai_compact_with_persistence,logistic_regression,ai_relevance_weighted_sentiment_roll_3_mean,ai_sentiment,0.2007469654528478,-0.0033736053343896492,0.011934070338659054,0.0
ai_compact_with_persistence::logistic_regression,ai_compact_with_persistence,logistic_regression,ai_relevance_weighted_sentiment,ai_sentiment,0.2007469654528478,-0.005071740551616726,0.013716154205468005,0.0
ai_compact_with_persistence::logistic_regression,ai_compact_with_persistence,logistic_regression,ai_relevant_upward_pressure_share,ai_pressure_direction,0.2007469654528478,-0.009841864940969813,0.016933924729929082,0.0
ai_compact_with_persistence::logistic_regression,ai_compact_with_persistence,logistic_regression,ai_relevant_upward_pressure_share_lag_3,ai_pressure_direction,0.2007469654528478,-0.010125840696016151,0.029758745274671927,0.0
ai_compact_with_persistence::logistic_regression,ai_compact_with_persistence,logistic_regression,ai_relevant_article_count_lag_3,ai_volume,0.2007469654528478,-0.010588624266393905,0.029468716288309788,0.0
ai_compact_with_persistence::logistic_regression,ai_compact_with_persistence,logistic_regression,ppi_lag_1,ppi_history,0.2007469654528478,-0.012379278310650867,0.016324009670731093,0.0
ai_compact_with_persistence::logistic_regression,ai_compact_with_persistence,logistic_regression,ppi_ma_3,ppi_history,0.2007469654528478,-0.012666935461053115,0.018221992192494707,0.0
ai_compact_with_persistence::logistic_regression,ai_compact_with_persistence,logistic_regression,ppi_value,ppi_history,0.2007469654528478,-0.013036532706295356,0.017179504002049463,0.0
ai_compact_with_persistence::logistic_regression,ai_compact_with_persistence,logistic_regression,ai_relevant_article_count_roll_3_mean,ai_volume,0.2007469654528478,-0.013702730642084503,0.01929839492804711,0.0
ai_compact_with_persistence::logistic_regression,ai_compact_with_persistence,logistic_regression,ai_relevance_weighted_pressure_direction_score_lag_1,ai_pressure_direction,0.2007469654528478,-0.014368554624309108,0.01640132975011387,0.0
ai_compact_with_persistence::logistic_regression,ai_compact_with_persistence,logistic_regression,ai_relevance_weighted_pressure_direction_score_roll_3_mean,ai_pressure_direction,0.2007469654528478,-0.014724971228663186,0.0193378622143651,0.0
ai_compact_with_persistence::logistic_regression,ai_compact_with_persistence,logistic_regression,target_class_lag_1_is_medium,persistence,0.2007469654528478,-0.015097273428475501,0.023046650912236528,0.0
ai_compact_with_persistence::logistic_regression,ai_compact_with_persistence,logistic_regression,ai_relevant_article_count_lag_2,ai_volume,0.2007469654528478,-0.015269884416421879,0.034697312301469205,0.0
ai_compact_with_persistence::logistic_regression,ai_compact_with_persistence,logistic_regression,wti_oil_price,oil_price,0.2007469654528478,-0.015437022939602944,0.024112939258212732,0.0
ai_compact_with_persistence::logistic_regression,ai_compact_with_persistence,logistic_regression,ai_relevant_upward_pressure_share_roll_3_std,ai_pressure_direction,0.2007469654528478,-0.01696213821342821,0.02093617657251741,0.0
ai_compact_with_persistence::logistic_regression,ai_compact_with_persistence,logistic_regression,ai_relevance_weighted_pressure_direction_score_lag_2,ai_pressure_direction,0.2007469654528478,-0.017653805638489388,0.03584122814906079,0.0
ai_compact_with_persistence::logistic_regression,ai_compact_with_persistence,logistic_regression,ai_relevance_weighted_pressure_strength_lag_3,ai_pressure_strength,0.2007469654528478,-0.023005793646710477,0.017596430375369274,0.0
ai_compact_with_persistence::logistic_regression,ai_compact_with_persistence,logistic_regression,ai_relevance_weighted_pressure_direction_score_lag_3,ai_pressure_direction,0.2007469654528478,-0.029403491950763853,0.023881927808207488,0.0
ai_compact_with_persistence::logistic_regression,ai_compact_with_persistence,logistic_regression,ai_relevance_weighted_pressure_direction_score_roll_3_std,ai_pressure_direction,0.2007469654528478,-0.030469889417370014,0.026397910590354134,0.0
ai_compact_with_persistence::logistic_regression,ai_compact_with_persistence,logistic_regression,ai_relevant_share,ai_relevance,0.2007469654528478,-0.03058144828711753,0.022964890764298595,0.0
ai_compact_with_persistence::logistic_regression,ai_compact_with_persistence,logistic_regression,wti_oil_price_pct_change_lag_1,oil_price,0.2007469654528478,-0.03143360508843715,0.024407970956359028,0.0
ai_compact_with_persistence::logistic_regression,ai_compact_with_persistence,logistic_regression,ai_high_relevance_share,ai_relevance,0.2007469654528478,-0.0341940617558691,0.032427160683399334,0.0
ai_compact_with_persistence::logistic_regression,ai_compact_with_persistence,logistic_regression,ai_relevance_weighted_pressure_strength_roll_3_std,ai_pressure_strength,0.2007469654528478,-0.03553061116887563,0.02711667043139072,0.0
ai_compact_with_persistence::logistic_regression,ai_compact_with_persistence,logistic_regression,ai_relevant_article_count_lag_1,ai_volume,0.2007469654528478,-0.03891989913052932,0.04494564567180747,0.0
ai_compact_with_persistence::logistic_regression,ai_compact_with_persistence,logistic_regression,gscpi_lag_1,supply_chain_index,0.2007469654528478,-0.038993781849028374,0.01755908823795823,0.0
ai_compact_with_persistence::logistic_regression,ai_compact_with_persistence,logistic_regression,wti_oil_price_pct_change,oil_price,0.2007469654528478,-0.04125303596923825,0.02129925099145468,0.0
ai_compact_with_persistence::logistic_regression,ai_compact_with_persistence,logistic_regression,ppi_pct_change_lag_1,ppi_history,0.2007469654528478,-0.044837828627818314,0.02812924300369258,0.0
ai_compact_with_persistence::logistic_regression,ai_compact_with_persistence,logistic_regression,ai_relevant_article_count_roll_3_std,ai_volume,0.2007469654528478,-0.04688709012255252,0.0349281981564031,0.0
ai_compact_with_persistence::logistic_regression,ai_compact_with_persistence,logistic_regression,ai_relevance_weighted_pressure_direction_score,ai_pressure_direction,0.2007469654528478,-0.04763011621762645,0.03138498086332537,0.0
ai_compact_with_persistence::logistic_regression,ai_compact_with_persistence,logistic_regression,ai_relevance_weighted_sentiment_lag_2,ai_sentiment,0.2007469654528478,-0.048065707801759276,0.016230699782371,0.0
ai_compact_with_persistence::logistic_regression,ai_compact_with_persistence,logistic_regression,target_class_lag_1_is_high,persistence,0.2007469654528478,-0.056956499400386294,0.03884287170320018,0.0
ai_compact_with_persistence::logistic_regression,ai_compact_with_persistence,logistic_regression,ai_relevance_weighted_sentiment_roll_3_std,ai_sentiment,0.2007469654528478,-0.06273931275104751,0.038534652807820785,0.0
ai_compact_with_persistence::logistic_regression,ai_compact_with_persistence,logistic_regression,ai_relevance_weighted_pressure_strength_lag_1,ai_pressure_strength,0.2007469654528478,-0.0684223328109718,0.02694081762034975,0.0
ai_compact_with_persistence::logistic_regression,ai_compact_with_persistence,logistic_regression,target_class_lag_1_score,persistence,0.2007469654528478,-0.06938054100174686,0.03121558776426478,0.0
ai_compact_with_persistence::logistic_regression,ai_compact_with_persistence,logistic_regression,ai_relevance_weighted_pressure_strength_lag_2,ai_pressure_strength,0.2007469654528478,-0.07326986081155362,0.04202979538680953,0.0
ai_compact_with_persistence::logistic_regression,ai_compact_with_persistence,logistic_regression,ai_relevant_upward_pressure_share_lag_1,ai_pressure_direction,0.2007469654528478,-0.07362729682947679,0.036389592648422515,0.0
ai_compact_with_persistence::logistic_regression,ai_compact_with_persistence,logistic_regression,wti_oil_price_lag_1,oil_price,0.2007469654528478,-0.07418325552300481,0.03391092453015821,0.0
ai_compact_with_persistence::logistic_regression,ai_compact_with_persistence,logistic_regression,ai_relevant_upward_pressure_share_lag_2,ai_pressure_direction,0.2007469654528478,-0.07817666707620782,0.047492563212136275,0.0
ai_compact_with_persistence::logistic_regression,ai_compact_with_persistence,logistic_regression,ppi_pct_change,ppi_history,0.2007469654528478,-0.0810150371357922,0.04804925640691749,0.0
ai_compact_with_persistence::logistic_regression,ai_compact_with_persistence,logistic_regression,ai_relevant_article_count,ai_volume,0.2007469654528478,-0.08568192521595855,0.038732430761180645,0.0
ai_compact_with_persistence::xgboost,ai_compact_with_persistence,xgboost,gscpi,supply_chain_index,0.23544973544973544,0.029865783517250458,0.026413798829734794,0.029865783517250458
ai_compact_with_persistence::xgboost,ai_compact_with_persistence,xgboost,ppi_lag_1,ppi_history,0.23544973544973544,0.028354006183611533,0.020556096661291923,0.028354006183611533
ai_compact_with_persistence::xgboost,ai_compact_with_persistence,xgboost,gscpi_pct_change,supply_chain_index,0.23544973544973544,0.02063556858470889,0.023619597333346454,0.02063556858470889
ai_compact_with_persistence::xgboost,ai_compact_with_persistence,xgboost,ppi_pct_change,ppi_history,0.23544973544973544,0.016706275726000634,0.030588696390685656,0.016706275726000634
ai_compact_with_persistence::xgboost,ai_compact_with_persistence,xgboost,ai_relevance_weighted_pressure_direction_score_lag_3,ai_pressure_direction,0.23544973544973544,0.016539111585972665,0.021356943939474227,0.016539111585972665
ai_compact_with_persistence::xgboost,ai_compact_with_persistence,xgboost,ai_relevance_weighted_pressure_strength_lag_1,ai_pressure_strength,0.23544973544973544,0.012717204030854011,0.0052215117565673685,0.012717204030854011
ai_compact_with_persistence::xgboost,ai_compact_with_persistence,xgboost,ai_relevance_weighted_sentiment_roll_3_mean,ai_sentiment,0.23544973544973544,0.011798033202781473,0.024709108207152868,0.011798033202781473
ai_compact_with_persistence::xgboost,ai_compact_with_persistence,xgboost,ppi_ma_3,ppi_history,0.23544973544973544,0.011727612234672564,0.014848240627881149,0.011727612234672564
ai_compact_with_persistence::xgboost,ai_compact_with_persistence,xgboost,ai_relevance_weighted_sentiment_roll_3_std,ai_sentiment,0.23544973544973544,0.011244987752954214,0.013411849553121427,0.011244987752954214
ai_compact_with_persistence::xgboost,ai_compact_with_persistence,xgboost,gscpi_pct_change_lag_1,supply_chain_index,0.23544973544973544,0.0029816805213138562,0.006312514688756431,0.0029816805213138562
ai_compact_with_persistence::xgboost,ai_compact_with_persistence,xgboost,ppi_pct_change_lag_1,ppi_history,0.23544973544973544,0.0019321858903790909,0.04621781840380182,0.0019321858903790909
ai_compact_with_persistence::xgboost,ai_compact_with_persistence,xgboost,wti_oil_price_pct_change,oil_price,0.23544973544973544,0.001609571193235986,0.010239706494452992,0.001609571193235986
ai_compact_with_persistence::xgboost,ai_compact_with_persistence,xgboost,ai_relevance_weighted_pressure_direction_score_lag_1,ai_pressure_direction,0.23544973544973544,0.0016076777309126434,0.004891615995102902,0.0016076777309126434
ai_compact_with_persistence::xgboost,ai_compact_with_persistence,xgboost,target_class_lag_1_is_low,persistence,0.23544973544973544,0.0008767675890338851,0.0004836927625395404,0.0008767675890338851
ai_compact_with_persistence::xgboost,ai_compact_with_persistence,xgboost,gscpi_lag_1,supply_chain_index,0.23544973544973544,0.000636819194436584,0.013883323622814383,0.000636819194436584
ai_compact_with_persistence::xgboost,ai_compact_with_persistence,xgboost,ai_relevance_weighted_pressure_direction_score,ai_pressure_direction,0.23544973544973544,0.0004955642894539351,0.0005666994458260189,0.0004955642894539351
ai_compact_with_persistence::xgboost,ai_compact_with_persistence,xgboost,ai_relevance_weighted_pressure_strength_roll_3_mean,ai_pressure_strength,0.23544973544973544,0.0004825178587886003,0.0006753107812669002,0.0004825178587886003
ai_compact_with_persistence::xgboost,ai_compact_with_persistence,xgboost,ai_relevant_upward_pressure_share_roll_3_mean,ai_pressure_direction,0.23544973544973544,0.0004574439594959401,0.0005602521433417144,0.0004574439594959401
ai_compact_with_persistence::xgboost,ai_compact_with_persistence,xgboost,ai_relevance_weighted_pressure_strength,ai_pressure_strength,0.23544973544973544,0.0003430829696219551,0.0005240678926476147,0.0003430829696219551
ai_compact_with_persistence::xgboost,ai_compact_with_persistence,xgboost,ai_relevant_article_count_roll_3_mean,ai_volume,0.23544973544973544,0.000266842309705965,0.00048369276253954033,0.000266842309705965
ai_compact_with_persistence::xgboost,ai_compact_with_persistence,xgboost,ai_relevant_share,ai_relevance,0.23544973544973544,0.0,0.0,0.0
ai_compact_with_persistence::xgboost,ai_compact_with_persistence,xgboost,ai_relevant_article_count,ai_volume,0.23544973544973544,0.0,0.0,0.0
ai_compact_with_persistence::xgboost,ai_compact_with_persistence,xgboost,ai_relevance_weighted_sentiment,ai_sentiment,0.23544973544973544,0.0,0.0,0.0
ai_compact_with_persistence::xgboost,ai_compact_with_persistence,xgboost,ai_relevant_upward_pressure_share,ai_pressure_direction,0.23544973544973544,0.0,0.0,0.0
ai_compact_with_persistence::xgboost,ai_compact_with_persistence,xgboost,ai_relevant_downward_pressure_share,ai_pressure_direction,0.23544973544973544,0.0,0.0,0.0
ai_compact_with_persistence::xgboost,ai_compact_with_persistence,xgboost,wti_oil_price,oil_price,0.23544973544973544,0.0,0.0,0.0
ai_compact_with_persistence::xgboost,ai_compact_with_persistence,xgboost,ai_no_articles,ai_coverage,0.23544973544973544,0.0,0.0,0.0
ai_compact_with_persistence::xgboost,ai_compact_with_persistence,xgboost,ai_articles_but_none_relevant,ai_coverage,0.23544973544973544,0.0,0.0,0.0
ai_compact_with_persistence::xgboost,ai_compact_with_persistence,xgboost,ai_relevant_articles_available,ai_coverage,0.23544973544973544,0.0,0.0,0.0
ai_compact_with_persistence::xgboost,ai_compact_with_persistence,xgboost,ai_relevant_article_count_lag_1,ai_volume,0.23544973544973544,0.0,0.0,0.0
ai_compact_with_persistence::xgboost,ai_compact_with_persistence,xgboost,ai_relevant_article_count_lag_2,ai_volume,0.23544973544973544,0.0,0.0,0.0
ai_compact_with_persistence::xgboost,ai_compact_with_persistence,xgboost,ai_relevant_article_count_lag_3,ai_volume,0.23544973544973544,0.0,0.0,0.0
ai_compact_with_persistence::xgboost,ai_compact_with_persistence,xgboost,ai_relevance_weighted_sentiment_lag_1,ai_sentiment,0.23544973544973544,0.0,0.0,0.0
ai_compact_with_persistence::xgboost,ai_compact_with_persistence,xgboost,ai_relevance_weighted_pressure_direction_score_roll_3_mean,ai_pressure_direction,0.23544973544973544,0.0,0.0,0.0
ai_compact_with_persistence::xgboost,ai_compact_with_persistence,xgboost,ai_relevance_weighted_pressure_direction_score_roll_3_std,ai_pressure_direction,0.23544973544973544,0.0,0.0,0.0
ai_compact_with_persistence::xgboost,ai_compact_with_persistence,xgboost,ai_relevant_upward_pressure_share_lag_1,ai_pressure_direction,0.23544973544973544,0.0,0.0,0.0
ai_compact_with_persistence::xgboost,ai_compact_with_persistence,xgboost,ai_relevant_upward_pressure_share_lag_2,ai_pressure_direction,0.23544973544973544,0.0,0.0,0.0
ai_compact_with_persistence::xgboost,ai_compact_with_persistence,xgboost,wti_oil_price_lag_1,oil_price,0.23544973544973544,0.0,0.0,0.0
ai_compact_with_persistence::xgboost,ai_compact_with_persistence,xgboost,target_class_lag_1_score,persistence,0.23544973544973544,0.0,0.0,0.0
ai_compact_with_persistence::xgboost,ai_compact_with_persistence,xgboost,target_class_lag_1_is_high,persistence,0.23544973544973544,0.0,0.0,0.0
ai_compact_with_persistence::xgboost,ai_compact_with_persistence,xgboost,ai_relevant_upward_pressure_share_lag_3,ai_pressure_direction,0.23544973544973544,-0.00032658430176617237,0.002627488609556558,0.0
ai_compact_with_persistence::xgboost,ai_compact_with_persistence,xgboost,ai_relevance_weighted_sentiment_lag_3,ai_sentiment,0.23544973544973544,-0.0003581673243633084,0.0006492334096627391,0.0
ai_compact_with_persistence::xgboost,ai_compact_with_persistence,xgboost,ai_high_relevance_share,ai_relevance,0.23544973544973544,-0.0004093340849866382,0.0006788037869020642,0.0
ai_compact_with_persistence::xgboost,ai_compact_with_persistence,xgboost,ai_relevance_weighted_pressure_direction_score_lag_2,ai_pressure_direction,0.23544973544973544,-0.0004093340849866382,0.0006788037869020642,0.0
ai_compact_with_persistence::xgboost,ai_compact_with_persistence,xgboost,ai_relevance_weighted_pressure_strength_lag_3,ai_pressure_strength,0.23544973544973544,-0.000460500845609968,0.0007034266608662836,0.0
ai_compact_with_persistence::xgboost,ai_compact_with_persistence,xgboost,target_class_lag_1_is_medium,persistence,0.23544973544973544,-0.0007805478400152813,0.0008312627771165588,0.0
ai_compact_with_persistence::xgboost,ai_compact_with_persistence,xgboost,ai_relevance_weighted_pressure_strength_roll_3_std,ai_pressure_strength,0.23544973544973544,-0.000921001691219936,0.0007519947319097309,0.0
ai_compact_with_persistence::xgboost,ai_compact_with_persistence,xgboost,ppi_std_3,ppi_history,0.23544973544973544,-0.0022773141082389667,0.012977652496736483,0.0
ai_compact_with_persistence::xgboost,ai_compact_with_persistence,xgboost,ai_relevance_weighted_sentiment_lag_2,ai_sentiment,0.23544973544973544,-0.0037819324950686462,0.014137419097390911,0.0
ai_compact_with_persistence::xgboost,ai_compact_with_persistence,xgboost,ai_relevance_weighted_pressure_strength_lag_2,ai_pressure_strength,0.23544973544973544,-0.004710068223739633,0.020056165791167053,0.0
ai_compact_with_persistence::xgboost,ai_compact_with_persistence,xgboost,ai_relevant_upward_pressure_share_roll_3_std,ai_pressure_direction,0.23544973544973544,-0.010105074009652541,0.01849567001830208,0.0
ai_compact_with_persistence::xgboost,ai_compact_with_persistence,xgboost,ppi_value,ppi_history,0.23544973544973544,-0.01195015797648636,0.025990442315535097,0.0
ai_compact_with_persistence::xgboost,ai_compact_with_persistence,xgboost,wti_oil_price_pct_change_lag_1,oil_price,0.23544973544973544,-0.01806493696898866,0.02797761076683607,0.0
ai_compact_with_persistence::xgboost,ai_compact_with_persistence,xgboost,ai_relevant_article_count_roll_3_std,ai_volume,0.23544973544973544,-0.02002515976136091,0.017086146168308773,0.0
ai_compact_with_persistence::xgboost,ai_compact_with_persistence,xgboost,ai_enriched_article_count,ai_volume,0.23544973544973544,-0.025138425522767807,0.021463397697078827,0.0
baseline::logistic_regression,baseline,logistic_regression,ppi_pct_change_lag_1,ppi_history,0.3230817023920472,0.03381007805459178,0.034136281743659264,0.03381007805459178
baseline::logistic_regression,baseline,logistic_regression,ppi_std_3,ppi_history,0.3230817023920472,0.026491016786610953,0.022228372284036138,0.026491016786610953
baseline::logistic_regression,baseline,logistic_regression,gscpi,supply_chain_index,0.3230817023920472,0.02332572185305106,0.02950138586026461,0.02332572185305106
baseline::logistic_regression,baseline,logistic_regression,wti_oil_price_lag_1,oil_price,0.3230817023920472,0.01119091205613782,0.02747448702623724,0.01119091205613782
baseline::logistic_regression,baseline,logistic_regression,gscpi_lag_1,supply_chain_index,0.3230817023920472,0.010638621493833452,0.03818044320261663,0.010638621493833452
baseline::logistic_regression,baseline,logistic_regression,wti_oil_price,oil_price,0.3230817023920472,0.009952453653316864,0.021024756014679357,0.009952453653316864
baseline::logistic_regression,baseline,logistic_regression,gscpi_pct_change,supply_chain_index,0.3230817023920472,0.0024763037769692333,0.008540812780438025,0.0024763037769692333
baseline::logistic_regression,baseline,logistic_regression,ppi_value,ppi_history,0.3230817023920472,0.0015307261284272678,0.007718238548548265,0.0015307261284272678
baseline::logistic_regression,baseline,logistic_regression,gscpi_pct_change_lag_1,supply_chain_index,0.3230817023920472,0.000934267600934265,0.0034957092702592608,0.000934267600934265
baseline::logistic_regression,baseline,logistic_regression,wti_oil_price_pct_change,oil_price,0.3230817023920472,0.0,0.0,0.0
baseline::logistic_regression,baseline,logistic_regression,ppi_lag_1,ppi_history,0.3230817023920472,-0.00045045045045045696,0.001351351351351371,0.0
baseline::logistic_regression,baseline,logistic_regression,ppi_ma_3,ppi_history,0.3230817023920472,-0.00045045045045045696,0.001351351351351371,0.0
baseline::logistic_regression,baseline,logistic_regression,ppi_pct_change,ppi_history,0.3230817023920472,-0.009826859085697588,0.023566770778736004,0.0
baseline::logistic_regression,baseline,logistic_regression,wti_oil_price_pct_change_lag_1,oil_price,0.3230817023920472,-0.018492812231469206,0.014379190545123289,0.0
baseline::xgboost,baseline,xgboost,ppi_lag_1,ppi_history,0.21666666666666667,0.05446519979762542,0.0206468139381007,0.05446519979762542
baseline::xgboost,baseline,xgboost,wti_oil_price_pct_change_lag_1,oil_price,0.21666666666666667,0.048772307077551806,0.022313332150071405,0.048772307077551806
baseline::xgboost,baseline,xgboost,ppi_value,ppi_history,0.21666666666666667,0.03847380025012069,0.04064744417752011,0.03847380025012069
baseline::xgboost,baseline,xgboost,ppi_ma_3,ppi_history,0.21666666666666667,0.024799104512784276,0.009727009063870298,0.024799104512784276
baseline::xgboost,baseline,xgboost,gscpi_pct_change,supply_chain_index,0.21666666666666667,0.01985859961478761,0.04010230158223969,0.01985859961478761
baseline::xgboost,baseline,xgboost,ppi_pct_change_lag_1,ppi_history,0.21666666666666667,0.014296680638237077,0.027761540707694165,0.014296680638237077
baseline::xgboost,baseline,xgboost,wti_oil_price_pct_change,oil_price,0.21666666666666667,0.01019030139178602,0.013374331029855241,0.01019030139178602
baseline::xgboost,baseline,xgboost,ppi_std_3,ppi_history,0.21666666666666667,0.00879594561991169,0.013222941673930391,0.00879594561991169
baseline::xgboost,baseline,xgboost,wti_oil_price_lag_1,oil_price,0.21666666666666667,0.0019076234240603285,0.007137673275818328,0.0019076234240603285
baseline::xgboost,baseline,xgboost,wti_oil_price,oil_price,0.21666666666666667,0.0,0.0,0.0
baseline::xgboost,baseline,xgboost,ppi_pct_change,ppi_history,0.21666666666666667,-0.002962432925782436,0.028522320896021004,0.0
baseline::xgboost,baseline,xgboost,gscpi,supply_chain_index,0.21666666666666667,-0.008828318996092606,0.016188032106353417,0.0
baseline::xgboost,baseline,xgboost,gscpi_pct_change_lag_1,supply_chain_index,0.21666666666666667,-0.012255110711251056,0.032023888110687605,0.0
baseline::xgboost,baseline,xgboost,gscpi_lag_1,supply_chain_index,0.21666666666666667,-0.036781741867321666,0.023266029243495183,0.0
baseline_with_persistence::logistic_regression,baseline_with_persistence,logistic_regression,wti_oil_price,oil_price,0.22922824302134648,0.023678804566773768,0.018130369503496623,0.023678804566773768
baseline_with_persistence::logistic_regression,baseline_with_persistence,logistic_regression,ppi_std_3,ppi_history,0.22922824302134648,0.015131713852269368,0.021628060449659765,0.015131713852269368
baseline_with_persistence::logistic_regression,baseline_with_persistence,logistic_regression,ppi_pct_change_lag_1,ppi_history,0.22922824302134648,0.012872775333546168,0.03359893931245511,0.012872775333546168
baseline_with_persistence::logistic_regression,baseline_with_persistence,logistic_regression,gscpi,supply_chain_index,0.22922824302134648,0.011888899746050407,0.04007551547907601,0.011888899746050407
baseline_with_persistence::logistic_regression,baseline_with_persistence,logistic_regression,wti_oil_price_pct_change_lag_1,oil_price,0.22922824302134648,0.00912199362503622,0.01406226416255387,0.00912199362503622
baseline_with_persistence::logistic_regression,baseline_with_persistence,logistic_regression,gscpi_lag_1,supply_chain_index,0.22922824302134648,0.006278924475904421,0.02612910619934211,0.006278924475904421
baseline_with_persistence::logistic_regression,baseline_with_persistence,logistic_regression,target_class_lag_1_score,persistence,0.22922824302134648,0.003340638750380512,0.020721499429807586,0.003340638750380512
baseline_with_persistence::logistic_regression,baseline_with_persistence,logistic_regression,target_class_lag_1_is_medium,persistence,0.22922824302134648,0.001995986133917174,0.002353743511738584,0.001995986133917174
baseline_with_persistence::logistic_regression,baseline_with_persistence,logistic_regression,target_class_lag_1_is_low,persistence,0.22922824302134648,0.001608893333249369,0.01059207096609043,0.001608893333249369
baseline_with_persistence::logistic_regression,baseline_with_persistence,logistic_regression,gscpi_pct_change_lag_1,supply_chain_index,0.22922824302134648,0.0003831417624521077,0.0011494252873563233,0.0003831417624521077
baseline_with_persistence::logistic_regression,baseline_with_persistence,logistic_regression,ppi_ma_3,ppi_history,0.22922824302134648,0.0,0.0,0.0
baseline_with_persistence::logistic_regression,baseline_with_persistence,logistic_regression,ppi_lag_1,ppi_history,0.22922824302134648,-0.00014595876664841949,0.0012615357717980253,0.0
baseline_with_persistence::logistic_regression,baseline_with_persistence,logistic_regression,ppi_value,ppi_history,0.22922824302134648,-0.00046631679491719683,0.0055386835701942165,0.0
baseline_with_persistence::logistic_regression,baseline_with_persistence,logistic_regression,wti_oil_price_pct_change,oil_price,0.22922824302134648,-0.0033625250866630013,0.01658817540139227,0.0
baseline_with_persistence::logistic_regression,baseline_with_persistence,logistic_regression,gscpi_pct_change,supply_chain_index,0.22922824302134648,-0.0038369984008929233,0.014063456839304158,0.0
baseline_with_persistence::logistic_regression,baseline_with_persistence,logistic_regression,target_class_lag_1_is_high,persistence,0.22922824302134648,-0.019586998235660135,0.02589046942321989,0.0
baseline_with_persistence::logistic_regression,baseline_with_persistence,logistic_regression,wti_oil_price_lag_1,oil_price,0.22922824302134648,-0.026913875383379398,0.025703709259248444,0.0
baseline_with_persistence::logistic_regression,baseline_with_persistence,logistic_regression,ppi_pct_change,ppi_history,0.22922824302134648,-0.10534205112742669,0.04134258378840275,0.0
baseline_with_persistence::xgboost,baseline_with_persistence,xgboost,ppi_lag_1,ppi_history,0.19130434782608696,0.035436642171177354,0.03686941431911138,0.035436642171177354
baseline_with_persistence::xgboost,baseline_with_persistence,xgboost,ppi_ma_3,ppi_history,0.19130434782608696,0.02679734781537538,0.010510784571010158,0.02679734781537538
baseline_with_persistence::xgboost,baseline_with_persistence,xgboost,wti_oil_price_lag_1,oil_price,0.19130434782608696,0.02597315884696584,0.011640847702057215,0.02597315884696584
baseline_with_persistence::xgboost,baseline_with_persistence,xgboost,ppi_std_3,ppi_history,0.19130434782608696,0.017163482192952714,0.016938228536692516,0.017163482192952714
baseline_with_persistence::xgboost,baseline_with_persistence,xgboost,target_class_lag_1_is_medium,persistence,0.19130434782608696,0.0008672086720867241,0.001438102890127008,0.0008672086720867241
baseline_with_persistence::xgboost,baseline_with_persistence,xgboost,wti_oil_price,oil_price,0.19130434782608696,0.00043360433604336206,0.0011054784853317728,0.00043360433604336206
baseline_with_persistence::xgboost,baseline_with_persistence,xgboost,target_class_lag_1_score,persistence,0.19130434782608696,0.0,0.0,0.0
baseline_with_persistence::xgboost,baseline_with_persistence,xgboost,target_class_lag_1_is_low,persistence,0.19130434782608696,0.0,0.0,0.0
baseline_with_persistence::xgboost,baseline_with_persistence,xgboost,target_class_lag_1_is_high,persistence,0.19130434782608696,0.0,0.0,0.0
baseline_with_persistence::xgboost,baseline_with_persistence,xgboost,wti_oil_price_pct_change_lag_1,oil_price,0.19130434782608696,-0.0008169212534712616,0.026082409176748537,0.0
baseline_with_persistence::xgboost,baseline_with_persistence,xgboost,gscpi,supply_chain_index,0.19130434782608696,-0.0008393560408406553,0.024859932843249506,0.0
baseline_with_persistence::xgboost,baseline_with_persistence,xgboost,ppi_pct_change_lag_1,ppi_history,0.19130434782608696,-0.0026454614232234736,0.029385371061385286,0.0
baseline_with_persistence::xgboost,baseline_with_persistence,xgboost,ppi_pct_change,ppi_history,0.19130434782608696,-0.003212964925305158,0.025724651848049666,0.0
baseline_with_persistence::xgboost,baseline_with_persistence,xgboost,ppi_value,ppi_history,0.19130434782608696,-0.00879950890715644,0.03932404805142507,0.0
baseline_with_persistence::xgboost,baseline_with_persistence,xgboost,gscpi_pct_change_lag_1,supply_chain_index,0.19130434782608696,-0.011747801313018698,0.026090581899157413,0.0
baseline_with_persistence::xgboost,baseline_with_persistence,xgboost,gscpi_pct_change,supply_chain_index,0.19130434782608696,-0.016866668415946237,0.043754572747979045,0.0
baseline_with_persistence::xgboost,baseline_with_persistence,xgboost,gscpi_lag_1,supply_chain_index,0.19130434782608696,-0.03181930225620574,0.02115200675939339,0.0
baseline_with_persistence::xgboost,baseline_with_persistence,xgboost,wti_oil_price_pct_change,oil_price,0.19130434782608696,-0.04505180080003132,0.03797670664593844,0.0
